{
    "reprod": {
        "kmedian": {
            "Synthetic": {
                "Objective": {
                    "mean": 289.0786666666666,
                    "std": 2.0333744258142774
                },
                "fairness error": {
                    "mean": 0.8195,
                    "std": 1.0527071055141595
                },
                "balance": {
                    "mean": 0.33833333333333326,
                    "std": 0.20513545660259602
                },
                "time": {
                    "mean": 4.783333333333334,
                    "std": 1.6543041504578964
                }
            },
            "Synthetic-unequal": {
                "Objective": {
                    "mean": 174.81999999999996,
                    "std": 2.842170943040401e-14
                },
                "fairness error": {
                    "mean": 0.0,
                    "std": 0.0
                },
                "balance": {
                    "mean": 0.33,
                    "std": 0.0
                },
                "time": {
                    "mean": 3.716666666666666,
                    "std": 0.9044642367476755
                }
            },
            "Adult": {
                "Objective": {
                    "mean": 17887.870689655174,
                    "std": 307.5872050602331
                },
                "fairness error": {
                    "mean": 0.008344827586206898,
                    "std": 0.0007083668477301425
                },
                "balance": {
                    "mean": 0.4220689655172414,
                    "std": 0.005495647396727324
                },
                "time": {
                    "mean": 44.30689655172414,
                    "std": 23.588935615496876
                }
            },
            "Bank": {
                "Objective": {
                    "mean": 20242.38433333333,
                    "std": 403.615583525408
                },
                "fairness error": {
                    "mean": 0.042366666666666664,
                    "std": 0.004956365155590895
                },
                "balance": {
                    "mean": 0.17099999999999996,
                    "std": 0.002999999999999995
                },
                "time": {
                    "mean": 43.089999999999996,
                    "std": 27.133992825728143
                }
            },
            "CensusII": {
                "Objective": {
                    "mean": 1746911.2650000001,
                    "std": 10270.465134039692
                },
                "fairness error": {
                    "mean": 0.02125,
                    "std": 0.0032691742076555053
                },
                "balance": {
                    "mean": 0.7450000000000001,
                    "std": 0.039051248379533304
                },
                "time": {
                    "mean": 6710.5,
                    "std": 4507.407534825313
                }
            }
        },
        "kmeans": {
            "Synthetic": {
                "Objective": {
                    "mean": 203.66333333333333,
                    "std": 2.5525612409673717
                },
                "fairness error": {
                    "mean": 2.427666666666667,
                    "std": 1.468340590220433
                },
                "balance": {
                    "mean": 0.27399999999999997,
                    "std": 0.4377944723269128
                },
                "time": {
                    "mean": 4.59,
                    "std": 2.2849288829195538
                }
            },
            "Synthetic-unequal": {
                "Objective": {
                    "mean": 159.75,
                    "std": 0.0
                },
                "fairness error": {
                    "mean": 0.0,
                    "std": 0.0
                },
                "balance": {
                    "mean": 0.33,
                    "std": 0.0
                },
                "time": {
                    "mean": 3.988888888888889,
                    "std": 1.6627361059484729
                }
            },
            "Adult": {
                "Objective": {
                    "mean": 10355.982413793105,
                    "std": 328.4327343156216
                },
                "fairness error": {
                    "mean": 0.01396551724137931,
                    "std": 0.0012171974203257097
                },
                "balance": {
                    "mean": 0.4031034482758621,
                    "std": 0.005932638115201793
                },
                "time": {
                    "mean": 57.08275862068966,
                    "std": 40.19046952532247
                }
            },
            "Bank": {
                "Objective": {
                    "mean": 9907.189666666665,
                    "std": 550.5163855174724
                },
                "fairness error": {
                    "mean": 0.07959999999999998,
                    "std": 0.004506291897632319
                },
                "balance": {
                    "mean": 0.169,
                    "std": 0.0030000000000000027
                },
                "time": {
                    "mean": 70.11999999999999,
                    "std": 48.95150934002614
                }
            },
            "CensusII": {
                "Objective": {
                    "mean": 2279984.7460000003,
                    "std": 1548556.6076384955
                },
                "fairness error": {
                    "mean": 41.8594,
                    "std": 51.82763870600319
                },
                "balance": {
                    "mean": 0.418,
                    "std": 0.3413151036798694
                },
                "time": {
                    "mean": 7838.7,
                    "std": 6202.383993594721
                }
            }
        },
        "ncut": {
            "Synthetic": {
                "Objective": {
                    "mean": 0.198,
                    "std": 0.1002796090937734
                },
                "fairness error": {
                    "mean": 0.0,
                    "std": 0.0
                },
                "balance": {
                    "mean": 0.9793333333333333,
                    "std": 0.01671991493864595
                },
                "time": {
                    "mean": 5.766666666666667,
                    "std": 1.937065363435685
                }
            },
            "Synthetic-unequal": {
                "Objective": {
                    "mean": 0.022592592592592595,
                    "std": 0.029387902851670183
                },
                "fairness error": {
                    "mean": 0.0003333333333333334,
                    "std": 0.0004714045207910317
                },
                "balance": {
                    "mean": 0.32259259259259254,
                    "std": 0.009266663706071715
                },
                "time": {
                    "mean": 2.4851851851851854,
                    "std": 1.4191034477218625
                }
            },
            "Adult": {
                "Objective": {
                    "mean": 0.783,
                    "std": 0.020024984394500782
                },
                "fairness error": {
                    "mean": 0.08059999999999999,
                    "std": 0.017533967035442948
                },
                "balance": {
                    "mean": 0.35700000000000004,
                    "std": 0.03377869150810907
                },
                "time": {
                    "mean": 3785.0200000000004,
                    "std": 752.6939162767293
                }
            },
            "Bank": {
                "Objective": {
                    "mean": 0.6525,
                    "std": 0.014790199457749054
                },